run,mesh_res,error_u,error_p
0,2,9.13818,0.09469
1,3,4.44275,0.05113
2,4,2.55202,0.03052
3,5,1.63121,0.01989
4,6,1.11886,0.01381
5,7,0.80594,0.01003
6,8,0.60143,0.00754
7,9,0.46079,0.00581
8,10,0.36019,0.00456
9,11,0.28599,0.00364
10,12,0.22996,0.00293
