run,mesh_res,error_u,error_p
0,2,92.07816,0.09543
1,4,26.30005,0.03133
2,6,11.97420,0.01464
3,8,6.79226,0.00838
4,10,4.36393,0.00540
