run,mesh_res,error_u,error_p
0,2,23.34221,0.01392
1,3,14.88356,0.00793
2,4,11.04429,0.00485
3,5,8.90114,0.00337
4,6,6.49004,0.00260
5,7,4.87041,0.00207
6,8,3.99474,0.00165
7,9,3.24332,0.00136
8,10,2.65430,0.00114
